id,fname,lname,email,service,addedOn,updatedOn
1001,Scott,Zimmerman,Scott.Zimmerman@MyTV.com,Optik,2022-05-19 22:45,2022-05-19 22:45
1002,Jodi,Jones,Jodi.Jones@MyTV.com,Pik,2022-05-19 22:45,2022-05-19 22:45
1003,Lee,Lewis,Lee.Lewis@MyTV.com,Optik,2022-05-19 22:45,2022-05-19 22:45
1004,Jason,Morrison,Jason.Morrison@MyTV.com,Pik,2022-05-19 22:45,2022-05-19 22:45
1005,Christina,Hardy,Christina.Hardy@MyTV.com,Optik,2022-05-19 22:45,2022-05-19 22:45
1006,Joseph,Hall,Joseph.Hall@MyTV.com,Pik,2022-05-19 22:45,2022-05-19 22:45
1007,Melissa,Stephenson,Melissa.Stephenson@MyTV.com,Optik,2022-05-19 22:45,2022-05-19 22:45
1008,Robin,Small,Robin.Small@MyTV.com,Optik,2022-05-19 22:45,2022-05-19 22:45
1009,Erik,Wilson,Erik.Wilson@MyTV.com,Optik,2022-05-19 22:45,2022-05-19 22:45
1010,Joshua,Hays,Joshua.Hays@MyTV.com,Pik,2022-05-19 22:45,2022-05-19 22:45
1011,David,Allen,David.Allen@MyTV.com,Optik,2022-05-19 22:45,2022-05-19 22:45
1012,Karen,Little,Karen.Little@MyTV.com,Optik,2022-05-19 22:45,2022-05-19 22:45
1013,Daniel,Flores,Daniel.Flores@MyTV.com,Pik,2022-05-19 22:45,2022-05-19 22:45
1014,Darrell,Price,Darrell.Price@MyTV.com,Optik,2022-05-19 22:45,2022-05-19 22:45
1015,Cynthia,Clayton,Cynthia.Clayton@MyTV.com,Optik,2022-05-19 22:45,2022-05-19 22:45
1016,Justin,Donovan,Justin.Donovan@MyTV.com,Optik,2022-05-19 22:45,2022-05-19 22:45
1017,Michael,Garcia,Michael.Garcia@MyTV.com,Pik,2022-05-19 22:45,2022-05-19 22:45
1018,Jasmine,Lester,Jasmine.Lester@MyTV.com,Optik,2022-05-19 22:45,2022-05-19 22:45
1019,Jennifer,Fox,Jennifer.Fox@MyTV.com,Pik,2022-05-19 22:45,2022-05-19 22:45
1020,George,Hall,George.Hall@MyTV.com,Optik,2022-05-19 22:45,2022-05-19 22:45
1021,Bryan,Jones,Bryan.Jones@MyTV.com,Pik,2022-05-19 22:45,2022-05-19 22:45
1022,Daniel,Davis,Daniel.Davis@MyTV.com,Optik,2022-05-19 22:45,2022-05-19 22:45
1023,Shannon,Powell,Shannon.Powell@MyTV.com,Optik,2022-05-19 22:45,2022-05-19 22:45
1024,Rebecca,Browning,Rebecca.Browning@MyTV.com,Pik,2022-05-19 22:45,2022-05-19 22:45
1025,Kevin,Diaz,Kevin.Diaz@MyTV.com,Optik,2022-05-19 22:45,2022-05-19 22:45
1026,Crystal,Morrison,Crystal.Morrison@MyTV.com,Pik,2022-05-19 22:45,2022-05-19 22:45
1027,Diane,Williams,Diane.Williams@MyTV.com,Optik,2022-05-19 22:45,2022-05-19 22:45
1028,Brandon,Anderson,Brandon.Anderson@MyTV.com,Pik,2022-05-19 22:45,2022-05-19 22:45
1029,Caitlyn,Hoffman,Caitlyn.Hoffman@MyTV.com,Optik,2022-05-19 22:45,2022-05-19 22:45
1030,Nancy,Sharp,Nancy.Sharp@MyTV.com,Pik,2022-05-19 22:45,2022-05-19 22:45
1031,Richard,Benjamin,Richard.Benjamin@MyTV.com,Optik,2022-05-19 22:45,2022-05-19 22:45
1032,Tiffany,Hernandez,Tiffany.Hernandez@MyTV.com,Pik,2022-05-19 22:45,2022-05-19 22:45
1033,Michael,Gonzalez,Michael.Gonzalez@MyTV.com,Optik,2022-05-19 22:45,2022-05-19 22:45
1034,Richard,Simpson,Richard.Simpson@MyTV.com,Optik,2022-05-19 22:45,2022-05-19 22:45
1035,Chad,Bowers,Chad.Bowers@MyTV.com,Pik,2022-05-19 22:45,2022-05-19 22:45
1036,Lisa,Murray,Lisa.Murray@MyTV.com,Optik,2022-05-19 22:45,2022-05-19 22:45
1037,Thomas,Ramirez,Thomas.Ramirez@MyTV.com,Pik,2022-05-19 22:45,2022-05-19 22:45
1038,Gregory,Mendez,Gregory.Mendez@MyTV.com,Optik,2022-05-19 22:45,2022-05-19 22:45
1039,Mark,Mason,Mark.Mason@MyTV.com,Optik,2022-05-19 22:45,2022-05-19 22:45
1040,Kelly,Miller,Kelly.Miller@MyTV.com,Optik,2022-05-19 22:45,2022-05-19 22:45
1041,Juan,Burke,Juan.Burke@MyTV.com,Pik,2022-05-19 22:45,2022-05-19 22:45
1042,Gary,Stout,Gary.Stout@MyTV.com,Optik,2022-05-19 22:45,2022-05-19 22:45
1043,Adriana,Wilcox,Adriana.Wilcox@MyTV.com,Pik,2022-05-19 22:45,2022-05-19 22:45
1044,Christian,Garcia,Christian.Garcia@MyTV.com,Optik,2022-05-19 22:45,2022-05-19 22:45
1045,Candace,Cruz,Candace.Cruz@MyTV.com,Optik,2022-05-19 22:45,2022-05-19 22:45
1046,James,Zamora,James.Zamora@MyTV.com,Pik,2022-05-19 22:45,2022-05-19 22:45
1047,Lindsay,Day,Lindsay.Day@MyTV.com,Optik,2022-05-19 22:45,2022-05-19 22:45
1048,Yolanda,Giles,Yolanda.Giles@MyTV.com,Pik,2022-05-19 22:45,2022-05-19 22:45
1049,Elizabeth,Martinez,Elizabeth.Martinez@MyTV.com,Optik,2022-05-19 22:45,2022-05-19 22:45
1050,Linda,Wilson,Linda.Wilson@MyTV.com,Pik,2022-05-19 22:45,2022-05-19 22:45
1051,Tasha,Ward,Tasha.Ward@MyTV.com,Optik,2022-05-19 22:45,2022-05-19 22:45
1052,John,Patterson,John.Patterson@MyTV.com,Pik,2022-05-19 22:45,2022-05-19 22:45
1053,Kenneth,Garcia,Kenneth.Garcia@MyTV.com,Optik,2022-05-19 22:45,2022-05-19 22:45
1054,Andrew,Mann,Andrew.Mann@MyTV.com,Optik,2022-05-19 22:45,2022-05-19 22:45
1055,Regina,Clark,Regina.Clark@MyTV.com,Optik,2022-05-19 22:45,2022-05-19 22:45
1056,Brian,Trujillo,Brian.Trujillo@MyTV.com,Optik,2022-05-19 22:45,2022-05-19 22:45
1057,Colleen,Jimenez,Colleen.Jimenez@MyTV.com,Pik,2022-05-19 22:45,2022-05-19 22:45
1058,Gregory,Rodriguez,Gregory.Rodriguez@MyTV.com,Optik,2022-05-19 22:45,2022-05-19 22:45
1059,Desiree,Webb,Desiree.Webb@MyTV.com,Pik,2022-05-19 22:45,2022-05-19 22:45
1060,Lori,Woods,Lori.Woods@MyTV.com,Optik,2022-05-19 22:45,2022-05-19 22:45
1061,Malik,Garcia,Malik.Garcia@MyTV.com,Pik,2022-05-19 22:45,2022-05-19 22:45
1062,Brittany,Rogers,Brittany.Rogers@MyTV.com,Optik,2022-05-19 22:45,2022-05-19 22:45
1063,Theresa,Taylor,Theresa.Taylor@MyTV.com,Pik,2022-05-19 22:45,2022-05-19 22:45
1064,Thomas,Duran,Thomas.Duran@MyTV.com,Optik,2022-05-19 22:45,2022-05-19 22:45
1065,Austin,Ruiz,Austin.Ruiz@MyTV.com,Pik,2022-05-19 22:45,2022-05-19 22:45
1066,Scott,Barker,Scott.Barker@MyTV.com,Optik,2022-05-19 22:45,2022-05-19 22:45
1067,Kristi,Spence,Kristi.Spence@MyTV.com,Optik,2022-05-19 22:45,2022-05-19 22:45
1068,Timothy,Gallagher,Timothy.Gallagher@MyTV.com,Pik,2022-05-19 22:45,2022-05-19 22:45
1069,Austin,Jimenez,Austin.Jimenez@MyTV.com,Optik,2022-05-19 22:45,2022-05-19 22:45
1070,Brian,James,Brian.James@MyTV.com,Pik,2022-05-19 22:45,2022-05-19 22:45
1071,Jake,Harvey,Jake.Harvey@MyTV.com,Optik,2022-05-19 22:45,2022-05-19 22:45
1072,Cynthia,Haas,Cynthia.Haas@MyTV.com,Pik,2022-05-19 22:45,2022-05-19 22:45
1073,Courtney,Lopez,Courtney.Lopez@MyTV.com,Optik,2022-05-19 22:45,2022-05-19 22:45
1074,Thomas,Williams,Thomas.Williams@MyTV.com,Optik,2022-05-19 22:45,2022-05-19 22:45
1075,Debra,Arnold,Debra.Arnold@MyTV.com,Optik,2022-05-19 22:45,2022-05-19 22:45
1076,Michelle,Thompson,Michelle.Thompson@MyTV.com,Pik,2022-05-19 22:45,2022-05-19 22:45
1077,Keith,Golden,Keith.Golden@MyTV.com,Optik,2022-05-19 22:45,2022-05-19 22:45
1078,Albert,Farmer,Albert.Farmer@MyTV.com,Optik,2022-05-19 22:45,2022-05-19 22:45
1079,Emily,Blake,Emily.Blake@MyTV.com,Pik,2022-05-19 22:45,2022-05-19 22:45
1080,Justin,Perry,Justin.Perry@MyTV.com,Optik,2022-05-19 22:45,2022-05-19 22:45
1081,Audrey,Scott,Audrey.Scott@MyTV.com,Pik,2022-05-19 22:45,2022-05-19 22:45
1082,Amanda,Brown,Amanda.Brown@MyTV.com,Optik,2022-05-19 22:45,2022-05-19 22:45
1083,Brian,Wright,Brian.Wright@MyTV.com,Pik,2022-05-19 22:45,2022-05-19 22:45
1084,Pam,Powers,Pam.Powers@MyTV.com,Optik,2022-05-19 22:45,2022-05-19 22:45
1085,Whitney,Sanchez,Whitney.Sanchez@MyTV.com,Pik,2022-05-19 22:45,2022-05-19 22:45
1086,Alexander,Rodriguez,Alexander.Rodriguez@MyTV.com,Optik,2022-05-19 22:45,2022-05-19 22:45
1087,Barry,Ortega,Barry.Ortega@MyTV.com,Pik,2022-05-19 22:45,2022-05-19 22:45
1088,Mr.,Jason,Mr..Jason@MyTV.com,Optik,2022-05-19 22:45,2022-05-19 22:45
1089,Mary,Baker,Mary.Baker@MyTV.com,Optik,2022-05-19 22:45,2022-05-19 22:45
1090,Robert,Serrano,Robert.Serrano@MyTV.com,Pik,2022-05-19 22:45,2022-05-19 22:45
1091,Deanna,Nguyen,Deanna.Nguyen@MyTV.com,Optik,2022-05-19 22:45,2022-05-19 22:45
1092,Benjamin,Fitzgerald,Benjamin.Fitzgerald@MyTV.com,Pik,2022-05-19 22:45,2022-05-19 22:45
1093,Jennifer,Gonzalez,Jennifer.Gonzalez@MyTV.com,Optik,2022-05-19 22:45,2022-05-19 22:45
1094,Christine,Wagner,Christine.Wagner@MyTV.com,Optik,2022-05-19 22:45,2022-05-19 22:45
1095,Adam,Garcia,Adam.Garcia@MyTV.com,Optik,2022-05-19 22:45,2022-05-19 22:45
1096,Brandon,King,Brandon.King@MyTV.com,Pik,2022-05-19 22:45,2022-05-19 22:45
1097,Shannon,Perez,Shannon.Perez@MyTV.com,Optik,2022-05-19 22:45,2022-05-19 22:45
1098,Lisa,Whitehead,Lisa.Whitehead@MyTV.com,Pik,2022-05-19 22:45,2022-05-19 22:45
1099,Sabrina,Hood,Sabrina.Hood@MyTV.com,Optik,2022-05-19 22:45,2022-05-19 22:45
1100,Seth,Lee,Seth.Lee@MyTV.com,Optik,2022-05-19 22:45,2022-05-19 22:45
1101,Karen,Ward,Karen.Ward@MyTV.com,Pik,2022-05-19 22:45,2022-05-19 22:45
1102,Jane,Gray,Jane.Gray@MyTV.com,Optik,2022-05-19 22:45,2022-05-19 22:45
1103,Aimee,Jones,Aimee.Jones@MyTV.com,Pik,2022-05-19 22:45,2022-05-19 22:45
1104,Michelle,Peters,Michelle.Peters@MyTV.com,Optik,2022-05-19 22:45,2022-05-19 22:45
1105,Jacob,Pham,Jacob.Pham@MyTV.com,Pik,2022-05-19 22:45,2022-05-19 22:45
1106,Patricia,Palmer,Patricia.Palmer@MyTV.com,Optik,2022-05-19 22:45,2022-05-19 22:45
1107,Lauren,Brown,Lauren.Brown@MyTV.com,Pik,2022-05-19 22:45,2022-05-19 22:45
1108,Kimberly,Brown,Kimberly.Brown@MyTV.com,Optik,2022-05-19 22:45,2022-05-19 22:45
1109,Sharon,Wilson,Sharon.Wilson@MyTV.com,Pik,2022-05-19 22:45,2022-05-19 22:45
1110,Alexander,Hernandez,Alexander.Hernandez@MyTV.com,Optik,2022-05-19 22:45,2022-05-19 22:45
1111,Haley,Carroll,Haley.Carroll@MyTV.com,Optik,2022-05-19 22:45,2022-05-19 22:45
1112,William,Murray,William.Murray@MyTV.com,Pik,2022-05-19 22:45,2022-05-19 22:45
1113,Darlene,Middleton,Darlene.Middleton@MyTV.com,Optik,2022-05-19 22:45,2022-05-19 22:45
1114,Amber,Stevenson,Amber.Stevenson@MyTV.com,Optik,2022-05-19 22:45,2022-05-19 22:45
1115,Mathew,Espinoza,Mathew.Espinoza@MyTV.com,Optik,2022-05-19 22:45,2022-05-19 22:45
1116,Troy,Patterson,Troy.Patterson@MyTV.com,Pik,2022-05-19 22:45,2022-05-19 22:45
1117,Robert,Calhoun,Robert.Calhoun@MyTV.com,Optik,2022-05-19 22:45,2022-05-19 22:45
1118,Joseph,Barber,Joseph.Barber@MyTV.com,Pik,2022-05-19 22:45,2022-05-19 22:45
1119,Leslie,Walls,Leslie.Walls@MyTV.com,Optik,2022-05-19 22:45,2022-05-19 22:45
1120,Jennifer,Martinez,Jennifer.Martinez@MyTV.com,Pik,2022-05-19 22:45,2022-05-19 22:45
1121,Erik,Gibbs,Erik.Gibbs@MyTV.com,Optik,2022-05-19 22:45,2022-05-19 22:45
1122,Jennifer,Mayer,Jennifer.Mayer@MyTV.com,Optik,2022-05-19 22:45,2022-05-19 22:45
1123,Dr.,Debra,Dr..Debra@MyTV.com,Pik,2022-05-19 22:45,2022-05-19 22:45
1124,Debbie,Winters,Debbie.Winters@MyTV.com,Optik,2022-05-19 22:45,2022-05-19 22:45
1125,James,Middleton,James.Middleton@MyTV.com,Pik,2022-05-19 22:45,2022-05-19 22:45
1126,John,Nguyen,John.Nguyen@MyTV.com,Optik,2022-05-19 22:45,2022-05-19 22:45
1127,Brett,Brooks,Brett.Brooks@MyTV.com,Pik,2022-05-19 22:45,2022-05-19 22:45
1128,Kim,Oneal,Kim.Oneal@MyTV.com,Optik,2022-05-19 22:45,2022-05-19 22:45
1129,Richard,Tran,Richard.Tran@MyTV.com,Optik,2022-05-19 22:45,2022-05-19 22:45
1130,Brenda,Johnson,Brenda.Johnson@MyTV.com,Optik,2022-05-19 22:45,2022-05-19 22:45
1131,Maria,Garcia,Maria.Garcia@MyTV.com,Pik,2022-05-19 22:45,2022-05-19 22:45
1132,Eric,Perez,Eric.Perez@MyTV.com,Optik,2022-05-19 22:45,2022-05-19 22:45
1133,Kristen,Nelson,Kristen.Nelson@MyTV.com,Optik,2022-05-19 22:45,2022-05-19 22:45
1134,Melissa,Morrison,Melissa.Morrison@MyTV.com,Pik,2022-05-19 22:45,2022-05-19 22:45
1135,Amanda,Smith,Amanda.Smith@MyTV.com,Optik,2022-05-19 22:45,2022-05-19 22:45
1136,Amanda,Allen,Amanda.Allen@MyTV.com,Pik,2022-05-19 22:45,2022-05-19 22:45
1137,Juan,Oneal,Juan.Oneal@MyTV.com,Optik,2022-05-19 22:45,2022-05-19 22:45
1138,John,Taylor,John.Taylor@MyTV.com,Pik,2022-05-19 22:45,2022-05-19 22:45
1139,Dr.,Jesse,Dr..Jesse@MyTV.com,Optik,2022-05-19 22:45,2022-05-19 22:45
1140,Joshua,Crosby,Joshua.Crosby@MyTV.com,Pik,2022-05-19 22:45,2022-05-19 22:45
1141,Joseph,Howard,Joseph.Howard@MyTV.com,Optik,2022-05-19 22:45,2022-05-19 22:45
1142,Kristen,Gonzalez,Kristen.Gonzalez@MyTV.com,Pik,2022-05-19 22:45,2022-05-19 22:45
1143,Jesse,Harris,Jesse.Harris@MyTV.com,Optik,2022-05-19 22:45,2022-05-19 22:45
1144,Jennifer,Cantrell,Jennifer.Cantrell@MyTV.com,Optik,2022-05-19 22:45,2022-05-19 22:45
1145,Brandy,Orozco,Brandy.Orozco@MyTV.com,Pik,2022-05-19 22:45,2022-05-19 22:45
1146,Cassidy,Walker,Cassidy.Walker@MyTV.com,Optik,2022-05-19 22:45,2022-05-19 22:45
1147,Charles,Taylor,Charles.Taylor@MyTV.com,Pik,2022-05-19 22:45,2022-05-19 22:45
1148,Alexis,Howard,Alexis.Howard@MyTV.com,Optik,2022-05-19 22:45,2022-05-19 22:45
1149,Randy,Evans,Randy.Evans@MyTV.com,Pik,2022-05-19 22:45,2022-05-19 22:45
1150,Jennifer,Parker,Jennifer.Parker@MyTV.com,Optik,2022-05-19 22:45,2022-05-19 22:45
1151,Samantha,Rodriguez,Samantha.Rodriguez@MyTV.com,Optik,2022-05-19 22:45,2022-05-19 22:45
1152,Adam,Hutchinson,Adam.Hutchinson@MyTV.com,Optik,2022-05-19 22:45,2022-05-19 22:45
1153,Derrick,Morgan,Derrick.Morgan@MyTV.com,Pik,2022-05-19 22:45,2022-05-19 22:45
1154,Linda,Frank,Linda.Frank@MyTV.com,Optik,2022-05-19 22:45,2022-05-19 22:45
1155,Steven,Wilson,Steven.Wilson@MyTV.com,Optik,2022-05-19 22:45,2022-05-19 22:45
1156,Molly,Hunt,Molly.Hunt@MyTV.com,Pik,2022-05-19 22:45,2022-05-19 22:45
1157,Timothy,Flores,Timothy.Flores@MyTV.com,Optik,2022-05-19 22:45,2022-05-19 22:45
1158,Joel,Burns,Joel.Burns@MyTV.com,Pik,2022-05-19 22:45,2022-05-19 22:45
1159,Jeremy,Miller,Jeremy.Miller@MyTV.com,Optik,2022-05-19 22:45,2022-05-19 22:45
1160,Eric,Schmidt,Eric.Schmidt@MyTV.com,Pik,2022-05-19 22:45,2022-05-19 22:45
1161,Cynthia,Mcdonald,Cynthia.Mcdonald@MyTV.com,Optik,2022-05-19 22:45,2022-05-19 22:45
1162,William,Burns,William.Burns@MyTV.com,Pik,2022-05-19 22:45,2022-05-19 22:45
1163,Yolanda,Wolf,Yolanda.Wolf@MyTV.com,Optik,2022-05-19 22:45,2022-05-19 22:45
1164,Mr.,Dustin,Mr..Dustin@MyTV.com,Pik,2022-05-19 22:45,2022-05-19 22:45
1165,John,Jackson,John.Jackson@MyTV.com,Optik,2022-05-19 22:45,2022-05-19 22:45
1166,Darius,Rush,Darius.Rush@MyTV.com,Optik,2022-05-19 22:45,2022-05-19 22:45
1167,Gina,Watts,Gina.Watts@MyTV.com,Pik,2022-05-19 22:45,2022-05-19 22:45
1168,Nicole,Jimenez,Nicole.Jimenez@MyTV.com,Optik,2022-05-19 22:45,2022-05-19 22:45
1169,Hannah,Harris,Hannah.Harris@MyTV.com,Optik,2022-05-19 22:45,2022-05-19 22:45
1170,Edwin,Velasquez,Edwin.Velasquez@MyTV.com,Optik,2022-05-19 22:45,2022-05-19 22:45
1171,Melanie,Caldwell,Melanie.Caldwell@MyTV.com,Pik,2022-05-19 22:45,2022-05-19 22:45
1172,Lori,Mitchell,Lori.Mitchell@MyTV.com,Optik,2022-05-19 22:45,2022-05-19 22:45
1173,Mary,Green,Mary.Green@MyTV.com,Pik,2022-05-19 22:45,2022-05-19 22:45
1174,Derrick,Davis,Derrick.Davis@MyTV.com,Optik,2022-05-19 22:45,2022-05-19 22:45
1175,Carl,Leonard,Carl.Leonard@MyTV.com,Pik,2022-05-19 22:45,2022-05-19 22:45
1176,Donna,Reid,Donna.Reid@MyTV.com,Optik,2022-05-19 22:45,2022-05-19 22:45
1177,John,Cruz,John.Cruz@MyTV.com,Optik,2022-05-19 22:45,2022-05-19 22:45
1178,Natalie,Rogers,Natalie.Rogers@MyTV.com,Pik,2022-05-19 22:45,2022-05-19 22:45
1179,Elizabeth,Holland,Elizabeth.Holland@MyTV.com,Optik,2022-05-19 22:45,2022-05-19 22:45
1180,Larry,Pratt,Larry.Pratt@MyTV.com,Pik,2022-05-19 22:45,2022-05-19 22:45
1181,Alan,Flores,Alan.Flores@MyTV.com,Optik,2022-05-19 22:45,2022-05-19 22:45
1182,Scott,Russo,Scott.Russo@MyTV.com,Pik,2022-05-19 22:45,2022-05-19 22:45
1183,Michelle,Sherman,Michelle.Sherman@MyTV.com,Optik,2022-05-19 22:45,2022-05-19 22:45
1184,Danielle,Jones,Danielle.Jones@MyTV.com,Pik,2022-05-19 22:45,2022-05-19 22:45
1185,Michael,Gonzalez,Michael.Gonzalez@MyTV.com,Optik,2022-05-19 22:45,2022-05-19 22:45
1186,Timothy,Oconnor,Timothy.Oconnor@MyTV.com,Pik,2022-05-19 22:45,2022-05-19 22:45
1187,Julie,Edwards,Julie.Edwards@MyTV.com,Optik,2022-05-19 22:45,2022-05-19 22:45
1188,Emily,Williams,Emily.Williams@MyTV.com,Optik,2022-05-19 22:45,2022-05-19 22:45
1189,Joyce,Fisher,Joyce.Fisher@MyTV.com,Optik,2022-05-19 22:45,2022-05-19 22:45
1190,Karen,Williams,Karen.Williams@MyTV.com,Optik,2022-05-19 22:45,2022-05-19 22:45
1191,John,Fitzgerald,John.Fitzgerald@MyTV.com,Pik,2022-05-19 22:45,2022-05-19 22:45
1192,Kimberly,Johnson,Kimberly.Johnson@MyTV.com,Optik,2022-05-19 22:45,2022-05-19 22:45
1193,Jordan,Singh,Jordan.Singh@MyTV.com,Optik,2022-05-19 22:45,2022-05-19 22:45
1194,James,Rice,James.Rice@MyTV.com,Pik,2022-05-19 22:45,2022-05-19 22:45
1195,Nancy,Mckay,Nancy.Mckay@MyTV.com,Pik,2022-05-19 22:45,2022-05-19 22:45
1196,Madeline,Crawford,Madeline.Crawford@MyTV.com,Optik,2022-05-19 22:45,2022-05-19 22:45
1197,Ann,Kaufman,Ann.Kaufman@MyTV.com,Optik,2022-05-19 22:45,2022-05-19 22:45
1198,Blake,Solis,Blake.Solis@MyTV.com,Pik,2022-05-19 22:45,2022-05-19 22:45
1199,Tammy,Salas,Tammy.Salas@MyTV.com,Optik,2022-05-19 22:45,2022-05-19 22:45
1200,Sonia,Orozco,Sonia.Orozco@MyTV.com,Optik,2022-05-19 23:45,2022-05-19 22:45
1201,Deshant,Sachdeva,deshant.sachdeva@MyTV.com,Optik,2022-05-19 23:45,2022-05-19 22:45
